1FTG	1FTG
1FTG	1FLV
1IOB	1IOB
1BA3	1BA3
1CM2	1CM2
1CM2	1POH
2A36	2A36
1A7V	1A7V
1IV9	1IV9
2PR5	2PR5
1TIT	1TIT
1PGA	1PGA
1MBG	1MBG
1CHK	1CHK
1RX4	1RX4
1XXN	1XXN
1JQZ	1JQZ
1JQZ	1K5U
1JQZ	2AFG
1JQZ	1JY0
2LCP	2LCP
1ITM	1ITM
2CI2	2CI2
1Y4Y	1Y4Y
1Y4Y	2HPR
1GLM	1GLM
2RN2	2RN2
2RN2	1RIL
2NTE	2NTE
3S4M	3S4M
2MPC	2MPC
1QQV	1QQV
3C2I	3C2I
3SSI	3SSI
1AXB	1AXB
1MGR	1MGR
1MGR	1RGG
1H7M	1H7M
1RIS	1RIS
2H3F	2H3F
2K3K	2K3K
2K3K	1OIA
1FKB	1FKB
1FKB	1FKJ
1W4H	1W4H
2IFB	2IFB
1WQ5	1WQ5
1OSI	1OSI
1DIV	1DIV
1DIV	2HBB
1RHG	1RHG
1C2R	1C2R
1C2R	1YCC
1C2R	1I5T
1C2R	1CYC
1C2R	1AKK
1IHB	1IHB
1IHB	1A5E
1HK0	1HK0
1BPI	1BPI
1DKT	1DKT
1ACB	1ACB
1QND	1QND
1QLP	1QLP
1E0L	1E0L
2SPZ	2SPZ
1N88	1N88
1LS4	1LS4
2AKY	2AKY
1CFD	1CFD
1DIL	1DIL
1IMQ	1IMQ
1IMQ	1AYI
5T43	5T43
1ONC	1ONC
3DV0	3DV0
2JOF	2JOF
3PGK	3PGK
3PGK	2WZB
3PGK	5NP8
3MBP	3MBP
1CAH	1CAH
1CAH	12CA
1PFL	1PFL
1THQ	1THQ
2ARF	2ARF
1IO2	1IO2
2ABD	2ABD
3D2A	3D2A
1FNF	1FNF
1FNF	1TTG
2ZAJ	2ZAJ
1A23	1A23
2KS4	2KS4
2KS4	1GWY
1FXA	1FXA
1TPK	1TPK
1LZ1	1LZ1
1LZ1	1EL1
1LZ1	4LYZ
1LZ1	1HFZ
1LZ1	1HFY
1G3P	1G3P
1Z1I	1Z1I
1STN	1STN
1STN	3BDC
1UBQ	1UBQ
1UBQ	5TR5
1AM7	1AM7
1FT8	1FT8
1RTB	1RTB
1KFW	1KFW
1AZP	1AZP
1AZP	1BNZ
1MJC	1MJC
1MJC	1CSP
1MJC	1C9O
1PRE	1PRE
2RN4	2RN4
2JUC	2JUC
1IOJ	1IOJ
1SHG	1SHG
2PTL	2PTL
2Q98	2Q98
2LSB	2LSB
2LSB	1B10
2LSB	1AG2
2LSB	1QM0
2LSB	1XYX
1MSI	1MSI
1UZC	1UZC
1IGV	1IGV
1LPE	1LPE
2WQG	2WQG
1O6X	1O6X
2LZM	2LZM
2LZM	1L63
2DRI	2DRI
2K7J	2K7J
2K7J	1APS
2K7J	2BJD
1RN1	1RN1
2IN9	2IN9
1CEY	1CEY
1ARR	1ARR
3L15	3L15
2LTB	2LTB
1RRO	1RRO
1BNI	1BNI
2TRX	2TRX
3MXF	3MXF
1B5M	1B5M
1J8I	1J8I
451C	451C
1JNX	1JNX
1BTA	1BTA
5VP3	5VP3
1PIN	1PIN
1PIN	4GWT
1L6H	1L6H
3G1G	3G1G
1U4Q	1U4Q
1U4Q	1AJ3
1HME	1HME
1QGV	1QGV
1K85	1K85
1BVC	1BVC
1SUP	1SUP
1OPG	1OPG
1OPG	1LVE
1OPG	2IMM
1OPG	2MMX
